Exited,Age,CreditScore,Balance,EstimatedSalary,NumOfProducts,Tenure
0,37.40838879819164,651.8531960316463,72745.2967788522,99738.39177194524,1.5442672359663443,5.033278914981791
1,44.8379970544919,645.3514972999509,91108.53933726068,101465.67753068237,1.4752086401570939,4.932744231713304
