Geography,total,churned,churn_rate,churn_contribution_pct
France,5014,810,16.15476665337056,39.76435935198822
Germany,2509,814,32.44320446392985,39.9607265586647
Spain,2477,413,16.673395236172787,20.274914089347078
