AgeGroup,France,Germany,Spain
<30,4.868549172346641,12.527964205816556,8.47457627118644
30-45,12.349799732977303,26.092990978487162,12.533692722371967
46-60,45.794392523364486,67.33067729083665,40.65656565656566
60+,19.913419913419915,38.93805309734513,20.833333333333336
